Predicted,Desire
48.59,90.0
62.67,87.0
69.83,89.0
60.89,75.0
56.16,86.0
13.692142857142859,16.0
28.205,21.0
40.035,34.0
33.13,8.0
23.96,8.0
38.809999999999995,12.0
32.85,29.0
30.585,47.0
53.16,49.0
35.52333333333333,6.0
34.935,14.0
53.51,16.0
53.14,21.0
47.07,25.0
26.41,89.0
60.64,90.0
65.76,91.0
69.0,93.0
61.0,93.0
