Predicted,Desire
83.18885928855804,83.0
46.077128407848726,59.0
39.47587766032162,16.0
31.094552149757057,87.0
440.083099694643,12.0
49.741451365224826,3.0
47.10540689094071,12.0
52.108486912452356,79.0
45.093886760780165,69.0
42.24894203982834,78.0
22.91100843158558,88.0
47.704288817006066,87.0
-33.152967572712264,13.0
51.5934876519614,1.0
60.826018077545974,85.0
19.152939675103738,13.0
67.2538608182284,90.0
15.762084907809324,10.0
52.576462641850235,27.0
21.35749283826921,27.0
50.36532768518849,83.0
58.973634367300306,31.0
44.08811045849521,29.0
154.77376519387937,6.0
