Predicted,Desire
31.33947520561993,83.0
49.30963689484584,27.0
14.651318422226772,20.0
44.02829156220239,16.0
53.33708034967192,26.0
16.0516831169573,7.0
61.95610770273066,74.0
52.00462712725839,31.0
46.295552950654574,13.0
53.14174433493896,91.0
19.94204255866711,8.0
55.479017434577,86.0
38.115545235429806,93.0
45.87724337791851,79.0
12.436133751889528,69.0
21.203552643088145,10.0
41.72442547683774,75.0
53.68280121165607,85.0
48.28744441825321,9.0
45.04102010598084,20.0
37.87293993353087,78.0
37.2573579721132,7.0
43.075373717057225,59.0
-79.00105824563329,86.0
